{
  "experiment": "04_charge_stability",
  "grid_resolution": [
    50,
    50
  ],
  "temperature_K": 0.1,
  "max_charge_state": 4,
  "triple_points_count": 32,
  "triple_point_coords_mV": [
    [
      15.918367346938776,
      3.6734693877551017
    ],
    [
      48.97959183673469,
      6.122448979591836
    ],
    [
      14.693877551020407,
      11.020408163265307
    ],
    [
      47.755102040816325,
      12.244897959183673
    ],
    [
      13.469387755102039,
      13.469387755102039
    ]
  ]
}