State_Index,Energy_meV,Level_Spacing_meV
0,-67.43355732592003,0.0
1,-54.285603496430866,13.147953829489168
2,-54.0232314913129,13.410325834607136
3,-42.57489609253107,24.858661233388965
