{
  "experiment": "02_single_dot",
  "well_depth_meV": 80.0,
  "dot_radius_nm": 12.0,
  "plunger_gate_voltage_mV": 50.0,
  "ground_state_energy_meV": -67.43355732592003,
  "first_excited_energy_meV": -54.285603496430866,
  "level_spacing_meV": 13.147953829489168
}